show,badge,organization,contact_zh,contact_en,topic_zh,topic_en,link
Y,USC,USC,郭宗杰院士,C.-C. Jay Kuo,Green AI 早期肺癌數位快篩,Green AI for early lung cancer screening,
Y,SMC,Sheba Medical Center（以色列）,Eyal Zimlichman 教授,Prof. Eyal Zimlichman,ARC Innovation 聯盟合作,ARC Innovation partnership,
Y,BWH,Brigham and Women's Hospital,Dr. Lipika Samal,Dr. Lipika Samal,慢性腎臟病臨床決策支援,CKD clinical decision support,
Y,OHSU,Oregon Health & Science University,Dr. David Dorr,Dr. David Dorr,血壓自我管理與數位健康,Blood pressure self-management,
Y,神戶,神戶大學（日本）,Greiner、Nakamura、Okamoto 教授,"Profs. Greiner, Nakamura, Okamoto",智慧科技支持失智症家庭照顧者,Smart technology for dementia caregivers,
Y,JSI,Jožef Stefan Institute（斯洛維尼亞）,歐盟 14 機構合作,14-partner consortium,AI 健康風險評估促進青少年行為改變,AI health risk evaluation for adolescents,
Y,BIDMC,BIDMC / Harvard Medical School,Prof. Yuri Quintana,Prof. Yuri Quintana,InfoSAGE 家戶健康管理系統中文化,InfoSAGE family health platform,
Y,FMC,Fresenius Medical Care Renal Research Institute,Dr. Peter Kotanko,Dr. Peter Kotanko,AI 腎病與腎病視覺化研究,AI and visualization in nephrology,
Y,MIT,MIT,MIT Critical Data / Sana,MIT Critical Data / Sana,TMU x MIT Hackathon 與 Datathon,TMU x MIT Hackathon and Datathon,
