show,year,title,authors,journal,role,tags,link
Y,2026,An evidence gap map of digital health interventions for enhancing patient engagement in healthcare,"Iqbal U, Manga YB, Nkhoma DE, … **Huang C-W**, … Celi LA, Li Y-CJ, Kohler F.",npj Digital Medicine,,dh;rev,
Y,2026,Interpretable machine learning framework for predicting major adverse cardiovascular events in rheumatoid arthritis using electronic health records: multicenter cohort study,"Chiang WC, Lin GL, Chang YS, Liu YC, **Huang CW**, Nguyen PA, Hsu JC, Liou DM, Yang HC.",JMIR Formative Research 10:e91790,,ai,
Y,2026,Association between long-term use of H2 receptor antagonists and prostate cancer risk: a case-control study in Taiwan,"Wang SF, Liu YC, Nguyen PA, Lin GL, **Huang CW**, Rahmanti AR, Yang HC.",Journal of Cancer 17(2):419–426,,epi,
Y,2026,The potential impact of histamine-2 receptor antagonists on gynecologic cancer risk: a population-based study of 23 million individuals,"Chiang CJ, Nguyen NTH, **Huang CW**, Nguyen PA, Wang SF, Wang CH, Hung FH, Lin GL, Liu YC, Yang HC.","Cancer Epidemiology, Biomarkers & Prevention 35(4):540–547",,epi,
Y,2026,Association between gout and the risk of dementia: a meta-analysis of observational studies and biological mechanisms,"Wang YC, Huang APH, **Huang CW**, Islam MM, Kung WM.",International Journal of Rheumatic Diseases 29(3):e70582,,epi;rev,
Y,2026,Effectiveness comparison of nirmatrelvir/ritonavir versus molnupiravir in COVID-19 patients with comorbidities in Taiwan: a multi-centre electronic health record study,"Lin WK, Lin SJ, Chang YH, … **Huang CW**, Yang HC, … Hsu JC.",BMC Infectious Diseases 26(1):70,,epi,
Y,2025,Health risk assessment for severe COVID-19 in Taiwan: a multi-centre electronic health record study,"Chang YH, Burton W, Nguyen PA, … **Huang CW**, Yang HC, … Hsu JC.",Journal of Global Health 15:04236,,ai;epi,
Y,2025,Enhancing chronic diabetes care with companion robots in rural Taiwan,"Lin YT, Chiu HL, Shao JW, Yang HC, **Huang CW***.",Studies in Health Technology and Informatics 329:1084–1088 (MEDINFO 2025),corresponding,dh,
Y,2025,Personalized prediction of chronic kidney disease progression in patients with CKD stages 3–5: a multicenter study using the machine learning approach,"Duong TT, Nguyen MT, Liao CT, Le NH, Phan TP, **Huang CW**, Hsu JC, Nguyen APA.",Studies in Health Technology and Informatics 329:1165–1169 (MEDINFO 2025),,ai,
Y,2025,Real-world data on the associations of tricyclic antidepressants and selective serotonin reuptake inhibitors with gynecologic cancer risk,"Wang CH†, **Huang CW**†, Nguyen NTH, Lin MC, Nguyen PA, Islam MM, Chien SC, Yang HC.",Cancers,first,epi,
Y,2025,The protective role of anti-Parkinsonian drugs in pancreatic cancer risk: a comprehensive case-control study in Taiwan,"Yang HC, Chou WC, Nguyen PA, Nguyen NTH, Nguyen TP, Wang CH, Hsu JC, Lin MC, **Huang CW***.",Cancer Science,corresponding,epi,
Y,2025,Validating nonverbal cues for assessing physician empathy in telemedicine: a Delphi study,"Rahmanti AR, Yang HC, **Huang CW**, Huang CT, Lazuardi L, Lin CW, Li YJ.",Medical Education Online,,dh,
Y,2024,Early detection of dementia in type 2 diabetes population: predictive analytics using machine learning approach,"Phuc TP, Nguyen PA, Nguyen NN, … **Huang CW**, Yang HC, … Hsu JC.",Journal of Medical Internet Research,,ai,
Y,2024,Comprehensive evaluation of the cardiovascular protective effects of SGLT2 inhibitors in patients with advanced chronic kidney disease: a real-world evidence,"Shiao CC, Chiu CW, Chang YM, … **Huang CW**, … Hsu JC.",American Journal of Nephrology,,epi,
Y,2024,Evaluating the effectiveness of a novel personalized health education approach for hemodialysis patients: a four-week study using a widely-used communication app in Taiwan,"Lin YT, Zheng CM, Hung KC, Yang HC, Zheng ML, **Huang CW***.",Studies in Health Technology and Informatics (MIE 2024),corresponding,dh,
Y,2024,利用爬蟲建立慢性腎病衛教資料庫的成效評估,林郁庭、鄭彩梅、洪國欽、鄭美玲、**黃芝瑋***,醫療資訊雜誌 33(3):31–41,corresponding,dh,
Y,2024,Taipei Medical University Clinical Research Database: a collaborative hospital EHR database aligned with international common data standards,"Nguyen PA, Hsu MH, Chang TH, Yang HC, **Huang CW**, Liao CT, Lu CY, Hsu JC.",BMJ Health & Care Informatics 31(1):e100890,,ai,
Y,2024,Personalised prediction of maintenance dialysis initiation in patients with chronic kidney disease stages 3–5: a multicentre study using the machine learning approach,"Hoang AT, Nguyen PA, Phan TP, … **Huang CW**, Iqbal U, … Liao CT.",BMJ Health & Care Informatics 31(1):e100893,,ai,
Y,2024,The effect of social robots on depression and loneliness for older residents in long-term care facilities: a meta-analysis of randomized controlled trials,"Yen HY, **Huang CW**, Chiu HL, Jin G.",Journal of the American Medical Directors Association,,dh;rev,
Y,2024,A novel Multi-Level Refined (MLR) knowledge graph design and chatbot system for healthcare applications,"Hsueh HC, Chien SC, **Huang CW**, Yang HC, Iqbal U, Lin LF, Jian WS.",PLoS One 19(1):e0296939,,ai,
Y,2024,Unveiling the future of COVID-19 patient care: groundbreaking prediction models for severe outcomes or mortality in hospitalized cases,"Hien NTK, Tsai FJ, Chang YH, … **Huang CW**, Yang HC, Hsu JC.",Frontiers in Medicine 10:1289968,,ai,
Y,2024,Speech emotion recognition applied to real-world medical consultation,"Huang CT, **Huang CW**, Yang HC, Li YJ.",Studies in Health Technology and Informatics 310:1121–1125,,ai,
Y,2024,Facial mimicry and doctor-patient satisfaction: the feasibility of artificial empathy in a clinical video data,"Rahmanti AR, **Huang CW**, Muhtar MS, Yang HC, Li YJ.",Studies in Health Technology and Informatics 310:1116–1120,,ai,
Y,2023,Social companion robots for alleviating depression and loneliness in institutional older adults,"Yen HY, **Huang CW**, Chiu HL, Jin G.",Psychiatry Research 328:115425,,dh,
Y,2023,Emotion recognition in doctor-patient interactions from real-world clinical video database: initial development of artificial empathy,"**Huang CW**, Wu BCY, Nguyen PA, Wang HH, Kao CC, Lee PC, Rahmanti AR, Hsu JC, Yang HC, Li YJ.",Computer Methods and Programs in Biomedicine 233:107480,first,ai,
Y,2023,Crowdsource authoring as a tool for enhancing the quality of competency assessments in healthcare professions,"Lin CW, Clinciu DL, Salcedo D, **Huang CW**, Kang EYN, Li YJ.",PLoS One,,dh,
Y,2023,Renin-angiotensin-aldosterone system inhibitors and development of gynecologic cancers: a 23 million individual population-based study,"Nguyen NTH, Nguyen PA, **Huang CW**, … Yang HC.",International Journal of Molecular Sciences 24(4):3814,,epi,
Y,2022,Association between proton pump inhibitor use and the risk of female cancers: a nested case-control study of 23 million individuals,"Nguyen NTH, **Huang CW**, Wang CH, … Yang HC.",Cancers 14(24):6083,,epi,
Y,2022,Proton pump inhibitor use and risk of gastric cancer: current evidence from epidemiological studies and critical appraisal,"Poly TN, Lin MC, Syed-Abdul S, **Huang CW**, Yang HC, Li YJ.",Cancers 14(13):3052,,epi;rev,
Y,2022,Using artificial intelligence for the early detection of micro-progression of pressure injuries in hospitalized patients: a preliminary nursing perspective evaluation,"Wu SC, Li YJ, Chen HL, Ku ML, Yu YC, Nguyen PA, **Huang CW**.",Studies in Health Technology and Informatics 290:1016–1017,,ai,
Y,2022,"mHealth research for weight loss, physical activity, and sedentary behavior: a bibliometric analysis","Wu CC, Islam MM, **Huang CW**, Wang YC, Kung WM, Weng YC, Su CH.",Journal of Medical Internet Research 24(5):e35747,,dh;rev,
Y,2022,A consistency model for identifying the effects of n-3 and n-6 fatty acids on lipoproteins in dialysis patients,"Chang KY, Chen YC, Yeh SC, Kao CC, Cheng CY, Kang YN, **Huang CW***.",Nutrients 14(6):1250,corresponding,rev,
Y,2022,How can research on artificial empathy be enhanced by applying deepfakes?,"Yang HC, Rahmanti AR, **Huang CW***, Li YC*.",Journal of Medical Internet Research 24(3):e29506,corresponding,ai,
Y,2022,"Chemopreventive effects of concomitant or individual use of statins, aspirin, metformin, and angiotensin drugs: a study using claims data of 23 million individuals","Wang CH, **Huang CW**†, Nguyen PA†, Lin MC, Yeh CY, Islam MM, Rahmanti AR, Yang HC.",Cancers 14(5):1211,first,epi,
Y,2021,Predicting hepatocellular carcinoma with minimal features from electronic health records: development of a deep learning model,"Liang CW, Yang HC, Islam MM, Nguyen PA, Feng YT, Hou ZY, **Huang CW**, Poly TN, Li YC.",JMIR Cancer 7(4):e19812,,ai,
Y,2021,Improved diagnosis-medication association mining to reduce pseudo-associations,"Wang CH, Nguyen PA, Li YCJ, Islam MM, Poly TN, Tran QV, **Huang CW**, Yang HC.",Computer Methods and Programs in Biomedicine 207,,epi,
Y,2021,Development of a web-based system for exploring cancer risk with long-term use of drugs: logistic regression approach,"Yang HC, Islam MM, Nguyen PA, Wang CH, Poly TN, **Huang CW**, Li YCJ.",JMIR Public Health and Surveillance 7(2):e21401,,epi,
Y,2020,An innovative scoring system for predicting major adverse cardiac events in patients with chest pain based on machine learning,"Wu CC, Hsu WD, Wang YC, Kung WM, Tzeng IS, **Huang CW**, Huang CY, Li YC.",IEEE Access 8:124076–124083,,ai,
Y,2020,Statins use and its impact in EGFR-TKIs resistance to prolong the survival of lung cancer patients: a cancer registry cohort study in Taiwan,"Nguyen PA, Chang CC, Galvin CJ, Wang YC, An SY, **Huang CW**, Wang YH, Hsu MH, Li YCJ, Yang HC.",Cancer Science,,epi,
Y,2020,Meta-analysis of proton pump inhibitors induced risk of community-acquired pneumonia,"Nguyen PA, Islam M, Galvin CJ, Chang CC, An SY, Yang HC, **Huang CW**, Li YC, Iqbal U.",International Journal for Quality in Health Care 32(5):292–299,,epi;rev,
Y,2019,Scaling up knowledge sharing to speed up quality improvement in healthcare organizations,"**Huang CW**, Chin YP, Li YC.",International Journal for Quality in Health Care 31(9):655–656,first,dh,
Y,2019,Opportunities and challenges in Taiwan for implementing the learning health system,"Wu CY, **Huang CW**, Yang HC, Li YC.",International Journal for Quality in Health Care,,dh,
Y,2018,Learning from errors for continuously improving patient safety,"**Huang CW**, Iqbal U, Li YC.",,first,dh,
